/*!40101 SET @OLD_CHARACTER_SET_CLIENT=@@CHARACTER_SET_CLIENT */;
/*!40101 SET @OLD_CHARACTER_SET_RESULTS=@@CHARACTER_SET_RESULTS */;
/*!40101 SET @OLD_COLLATION_CONNECTION=@@COLLATION_CONNECTION */;
/*!40101 SET NAMES utf8 */;
/*!40014 SET @OLD_FOREIGN_KEY_CHECKS=@@FOREIGN_KEY_CHECKS, FOREIGN_KEY_CHECKS=0 */;
/*!40101 SET @OLD_SQL_MODE=@@SQL_MODE, SQL_MODE='NO_AUTO_VALUE_ON_ZERO' */;
/*!40111 SET @OLD_SQL_NOTES=@@SQL_NOTES, SQL_NOTES=0 */;


# Dump of table COMPANY
# ------------------------------------------------------------

LOCK TABLES `COMPANY` WRITE;
/*!40000 ALTER TABLE `COMPANY` DISABLE KEYS */;

INSERT INTO `COMPANY` (`COMPANY_ID`, `COMPANY_NAME`, `COMPANY_ADDRESS`, `PRIMARY_CONTACT`, `PRIMARY_CONTACT_EMAIL`, `PRIMARY_CONTACT_TEL_NUMBER`, `PRIMARY_CONTACT_TITLE`, `CREATED_DATE_TIME`, `UPDATED_DATE_TIME`, `CREATED_BY`, `UPDATED_BY`, `COMPANY_DB`)
VALUES
	(1,'StaffPlan','USA','Admin','admin@staffplan.io','888-555-9021','System Admin','2018-01-01 00:00:00','2018-01-01 00:00:00',1,1,'dev_company1'),
	(2,'Acme','USA','Admin','admin@acme.io','888-555-1234','System Admin','2028-11-18 00:00:00','2028-11-18 00:00:00',1,1,'dev_company2');

/*!40000 ALTER TABLE `COMPANY` ENABLE KEYS */;
UNLOCK TABLES;


# Dump of table SUBSCRIBER
# ------------------------------------------------------------

LOCK TABLES `SUBSCRIBER` WRITE;
/*!40000 ALTER TABLE `SUBSCRIBER` DISABLE KEYS */;

INSERT INTO `SUBSCRIBER` (`SUBSCRIBER_ID`, `COMPANY_ID`, `CREATED_DATE`, `CREATED_BY_USER`, `DOMAIN_ID`)
VALUES
	(1,1,'2028-11-18 00:00:00',1,'staffplan.io'),
	(2,2,'2018-11-18 00:00:00',1,'acme.io'),
	(3,1,'2019-01-15 00:00:00',1,'staffplan.io');

/*!40000 ALTER TABLE `SUBSCRIBER` ENABLE KEYS */;
UNLOCK TABLES;


# Dump of table SUBSCRIPTION_SERVICE
# ------------------------------------------------------------

LOCK TABLES `SUBSCRIPTION_SERVICE` WRITE;
/*!40000 ALTER TABLE `SUBSCRIPTION_SERVICE` DISABLE KEYS */;

INSERT INTO `SUBSCRIPTION_SERVICE` (`SUBSCRIPTION_SERVICE_ID`, `SUBSCRIBER_ID`, `SUBSCRIPTION_TYPE_ID`, `COUNT`, `CREATED_DATE_TIME`, `UPDATED_DATE_TIME`, `CREATED_BY`, `UPDATED_BY`)
VALUES
	(1,1,1,10,'2019-01-15 00:00:00','2019-01-15 00:00:00',1,1),
	(2,2,1,10,'2019-01-15 00:00:00','2019-01-15 00:00:00',1,1),
	(3,3,3,50,'2019-01-15 00:00:00','2019-01-15 00:00:00',1,1);

/*!40000 ALTER TABLE `SUBSCRIPTION_SERVICE` ENABLE KEYS */;
UNLOCK TABLES;


# Dump of table SUBSCRIPTION_TYPE
# ------------------------------------------------------------

LOCK TABLES `SUBSCRIPTION_TYPE` WRITE;
/*!40000 ALTER TABLE `SUBSCRIPTION_TYPE` DISABLE KEYS */;

INSERT INTO `SUBSCRIPTION_TYPE` (`SUBSCRIPTION_TYPE_ID`, `SUBSCRIPTION_NAME`, `SUBSCRIPTION_DETAILS`, `SUBSCRIPTION_PRICING_PER_MONTH`, `CREATED_DATE_TIME`, `UPDATED_DATE_TIME`, `CREATED_BY`, `UPDATED_BY`)
VALUES
	(1,'StaffPlan All Access','Access to all','110','2019-01-15 00:00:00','2019-01-15 00:00:00',1,1),
	(2,'Project Access','Access Project','60','2019-01-15 00:00:00','2019-01-15 00:00:00',1,1),
	(3,'View Access','View data only','30','2019-01-15 00:00:00','2019-01-15 00:00:00',1,1),
	(4,'Staff Data','Manage Staff data','30','2019-01-15 00:00:00','2019-01-15 00:00:00',1,1);

/*!40000 ALTER TABLE `SUBSCRIPTION_TYPE` ENABLE KEYS */;
UNLOCK TABLES;


# Dump of table TENANT_DETAILS
# ------------------------------------------------------------

LOCK TABLES `TENANT_DETAILS` WRITE;
/*!40000 ALTER TABLE `TENANT_DETAILS` DISABLE KEYS */;

INSERT INTO `TENANT_DETAILS` (`TENANT_ID`, `SUBSCRIBER_ID`, `TENANT_TYPE_ID`, `START_DATE`, `DOMAIN_ID`, `TENANT_STATUS`)
VALUES
	(1,1,1,'2019-01-15','staffplan.staffplan.io/demo','active'),
	(2,1,2,'2019-01-15','staffplan.staffplan.io/staging','active'),
	(3,1,3,'2019-01-15','staffplan.staffplan.io/prod','active'),
	(4,2,1,'2019-01-15','acme.staffplan.io/demo','active'),
	(5,3,1,'2019-01-15','staffplan.staffplan.io/demo','active'),
	(6,3,2,'2019-01-15','staffplan.staffplan.io/staging','active');

/*!40000 ALTER TABLE `TENANT_DETAILS` ENABLE KEYS */;
UNLOCK TABLES;


# Dump of table TENANT_TYPE
# ------------------------------------------------------------

LOCK TABLES `TENANT_TYPE` WRITE;
/*!40000 ALTER TABLE `TENANT_TYPE` DISABLE KEYS */;

INSERT INTO `TENANT_TYPE` (`TENANT_TYPE_ID`, `TENANT_DESCRIPTION`, `UPDATED_BY`)
VALUES
	(1,'demo',1),
	(2,'staging',1),
	(3,'prod',1);

/*!40000 ALTER TABLE `TENANT_TYPE` ENABLE KEYS */;
UNLOCK TABLES;



/*!40111 SET SQL_NOTES=@OLD_SQL_NOTES */;
/*!40101 SET SQL_MODE=@OLD_SQL_MODE */;
/*!40014 SET FOREIGN_KEY_CHECKS=@OLD_FOREIGN_KEY_CHECKS */;
/*!40101 SET CHARACTER_SET_CLIENT=@OLD_CHARACTER_SET_CLIENT */;
/*!40101 SET CHARACTER_SET_RESULTS=@OLD_CHARACTER_SET_RESULTS */;
/*!40101 SET COLLATION_CONNECTION=@OLD_COLLATION_CONNECTION */;
